{
  "nodes": {
    "nano-banana-generate#1": {
      "rfNode": {
        "position": {
          "x": 59.919424460431685,
          "y": -30.992805755395683
        }
      }
    },
    "nano-banana-get-result#1": {
      "rfNode": {
        "position": {
          "x": 561.0387151869904,
          "y": -264.18255676064837
        }
      }
    },
    "map#1": {
      "rfNode": {
        "position": {
          "x": 1069.2351182663638,
          "y": -299.2062766649863
        }
      }
    }
  },
  "pseudoNodes": {
    "input": {
      "rfNode": {
        "position": {
          "x": 0,
          "y": -500
        }
      },
      "sections": {
        "subflowInput": {
          "groupCollapsed": {
            "Image Options": true,
            "Polling Options": true
          }
        }
      }
    },
    "output": {
      "rfNode": {
        "position": {
          "x": 1612.9191142792286,
          "y": -459.4257481506936
        }
      }
    }
  }
}